Year,China,Indonesia,Brazil,Malaysia,Bahrain,Yemen,Saudi Arabia,Morocco,Argentina,Azerbaijan,Burundi,Benin,Bulgaria,Bosnia and Herzegovina,Belarus,Bahamas,Antigua and Barbuda,Belize,Brunei,Botswana,Chile,Ivory Coast,Cameroon,Colombia,Cabo Verde,Costa Rica,Cyprus,Czech Republic,Djibouti,Denmark
2015,62.27669,62.11215,55.61506,78.60753,66.6415,38.4318,59.16318,67.39799,56.73295,65.7606,45.57052,48.65854,72.46018,64.1284,68.72922,57.10881,59.23927,55.36697,57.45747,65.48306,71.17517,50.32956,41.89121,68.85918,53.42938,67.67451,71.95361,76.10923,44.26206,84.50938
2016,63.79116,64.66011,55.22357,78.27291,68.7147,31.20833,59.44422,69.23623,57.2443,64.56339,45.68405,49.72104,71.59242,64.83564,72.62337,56.94715,58.80632,55.36968,62.85225,65.64189,71.58185,50.95707,41.7675,69.1652,53.40924,67.67937,72.31415,76.38834,47.15118,84.59517
2017,64.20096,66.86799,55.6207,78.77204,69.09366,31.26677,62.08336,69.21146,57.31005,67.13946,45.91224,51.57576,71.69407,65.24652,73.57749,58.61968,59.79669,55.27374,67.68007,65.71078,71.951,52.98796,45.05227,69.03524,53.98064,69.30028,72.28343,76.42162,50.88048,84.5806
2018,73.30366,68.184,58.59449,81.33541,70.13951,30.67289,63.84761,71.67294,58.18388,73.8979,46.47561,51.71272,71.80724,65.37254,74.35306,59.38844,59.85514,55.28901,69.63482,66.17048,72.32025,58.34417,46.00492,69.24335,54.00831,68.83187,72.77735,76.322,58.38141,85.17028
2019,77.28424,69.57879,59.08307,81.47337,76.02665,31.76299,70.87175,73.38133,58.96151,78.50823,46.77393,52.40404,71.97405,65.44253,74.29113,59.87155,60.28342,55.47444,70.06387,66.1978,72.58023,60.68796,46.09974,70.05964,55.03925,69.2383,73.35105,76.34054,60.49674,85.28856