Year,Namibia,Netherlands,Nepal,Pakistan,Palau,Papua New Guinea,Paraguay,Romania,Russian Federation,Rwanda,South Asia (World Bank),Sudan,Senegal,Singapore,Serbia,South Sudan,Slovakia,Slovenia,Syrian Arab Republic,Tajikistan,Timor-Leste,Trinidad and Tobago,Turkey,Uganda,Ukraine,Uruguay,Uzbekistan,Venezuela,United Arab Emirates,United States
2015,60.04482,75.5221,59.70833,50.36994,53.12112,55.96186,58.05094,72.72233,74.09598,67.05448,52.65581125,45.52208,49.55865,84.89222,69.96245,32.83657,74.84151,74.71274,42.96399,51.84299,39.3307,61.41725,69.14468,56.6304,64.18277,60.1749,61.6759,34.12824,76.28546,83.59247
2016,60.08295,75.57281,58.02771,52.474,53.19614,59.33379,57.97708,72.85135,75.25999,68.97118,52.94955125,44.82494,50.27484,85.44138,73.27635,32.69356,75.03118,75.41048,41.37479,53.43689,38.17997,61.34535,69.37882,57.28983,65.41773,60.68692,62.09399,31.12013,77.43435,83.58991
2017,61.10494,76.08463,59.98159,53.01708,53.659,59.39568,58.036,73.04132,76.54336,71.07347,53.9397925,45.00301,54.01704,85.57215,73.75306,31.64063,75.15124,76.39486,41.44563,54.34213,37.98983,61.15191,70.9145,57.87464,68.08579,61.031,66.61398,30.03484,79.30036,83.59008
2018,61.35142,76.09693,59.65408,55.45628,53.66252,59.37055,58.45116,72.51292,77.40044,75.37431,56.28771875,48.01814,54.37982,85.84348,73.92341,33.64187,75.445,76.4142,41.47442,55.38718,39.69791,61.03242,75.25248,58.38634,69.07387,61.36826,67.75199,32.14349,81.58883,83.57395
2019,61.35078,76.10376,63.1866,60.95491,53.69982,59.77357,59.05401,73.3332,78.16284,76.48282,58.169245,44.82932,59.275,86.1981,75.65345,34.62285,75.58542,76.51751,41.96812,61.26761,39.36487,61.29128,76.79104,59.9818,70.2106,61.53994,69.87898,30.23634,80.75261,83.99668