Year,Australia,Afghanistan,Angola,Albania,Armenia,Austria,Belgium,Burkina Faso,Bangladesh,Bolivia,Barbados,Bhutan,Central African Republic,Canada,Switzerland,"Congo, Republic of",Comoros,Germany,Dominica,Dominican Republic,Algeria,Ecuador,Eritrea,Ethiopia,Finland,Fiji,France,Gabon,Georgia,Guinea
2015,80.38389,39.25519,37.57368,58.07559,69.1418,78.81665,72.42806,50.6503,40.90786,49.75552,57.67895,64.86482,32.01455,79.75597,76.42844,38.91712,46.24941,79.5005,61.48672,57.90154,44.2486,57.10316,20.92479,43.78485,80.10477,62.79354,76.14755,44.02055,78.30005,44.33462
2016,80.22369,38.93563,37.65132,64.16093,70.63154,78.85646,72.4092,50.92322,41.01625,50.2251,57.76071,64.99022,31.95495,79.54094,76.42092,38.45264,46.37003,79.5543,61.23575,57.699,46.10981,57.52173,20.94464,44.06311,80.09777,61.26819,76.25038,43.74227,80.79351,45.97639
2017,80.76007,37.13062,39.00774,66.8377,71.49433,78.70694,72.18146,51.15106,41.5632,50.97713,57.67127,65.7664,32.35174,79.30059,76.60784,37.86014,46.87233,79.34962,61.66778,59.12432,46.22686,57.49538,21.37138,46.14583,79.98436,61.34481,76.01011,44.68792,83.01189,46.71106
2018,80.70552,44.20343,41.20205,66.99561,73.19187,78.73995,74.74503,51.26807,42.46602,51.5617,57.6745,65.96848,34.83372,79.6798,76.61632,38.22684,47.01396,79.34794,60.54557,59.32073,48.49803,57.6141,21.50372,47.0561,80.04165,61.38188,76.77957,44.49778,83.4992,49.26216
2019,81.21506,44.06497,41.28838,67.74847,74.49401,78.74549,74.98904,51.40019,45.04865,51.65574,57.90615,65.97305,35.56585,79.64043,76.61864,39.53359,47.87291,79.71004,60.54797,59.98867,48.59758,57.7227,21.5998,47.97613,80.17834,61.47892,76.80465,45.0251,83.73393,49.42922